<?xml version="1.0" encoding="UTF-8"?>
<project version="4">
  <component name="ChangeListManager">
    <list default="true" id="e7884169-63bc-4425-90ac-e827fc941b25" name="Changes" comment="" />
    <option name="SHOW_DIALOG" value="false" />
    <option name="HIGHLIGHT_CONFLICTS" value="true" />
    <option name="HIGHLIGHT_NON_ACTIVE_CHANGELIST" value="false" />
    <option name="LAST_RESOLUTION" value="IGNORE" />
  </component>
  <component name="FileTemplateManagerImpl">
    <option name="RECENT_TEMPLATES">
      <list>
        <option value="Class" />
        <option value="JUnit5 Test Class" />
      </list>
    </option>
  </component>
  <component name="MarkdownSettingsMigration">
    <option name="stateVersion" value="1" />
  </component>
  <component name="ProjectId" id="2FjbHJKmQh0hvq5wxu9CnwV2Cz3" />
  <component name="ProjectViewState">
    <option name="hideEmptyMiddlePackages" value="true" />
    <option name="showLibraryContents" value="true" />
  </component>
  <component name="PropertiesComponent">{
  &quot;keyToString&quot;: {
    &quot;Downloaded.Files.Path.Enabled&quot;: &quot;false&quot;,
    &quot;Repository.Attach.Annotations&quot;: &quot;false&quot;,
    &quot;Repository.Attach.JavaDocs&quot;: &quot;false&quot;,
    &quot;Repository.Attach.Sources&quot;: &quot;false&quot;,
    &quot;RunOnceActivity.OpenProjectViewOnStart&quot;: &quot;true&quot;,
    &quot;RunOnceActivity.ShowReadmeOnStart&quot;: &quot;true&quot;,
    &quot;com.intellij.testIntegration.createTest.CreateTestDialog.defaultLibrary&quot;: &quot;JUnit5&quot;,
    &quot;com.intellij.testIntegration.createTest.CreateTestDialog.defaultLibrarySuperClass.JUnit5&quot;: &quot;&quot;,
    &quot;last_opened_file_path&quot;: &quot;C:/Users/asus/IdeaProjects/untitled2&quot;,
    &quot;project.structure.last.edited&quot;: &quot;Modules&quot;,
    &quot;project.structure.proportion&quot;: &quot;0.0&quot;,
    &quot;project.structure.side.proportion&quot;: &quot;0.0&quot;
  }
}</component>
  <component name="RecentsManager">
    <key name="CreateTestDialog.Recents.Supers">
      <recent name="" />
    </key>
    <key name="CreateTestDialog.RecentsKey">
      <recent name="" />
    </key>
  </component>
  <component name="RunManager" selected="JUnit.userTests">
    <configuration name="BagelsTests" type="JUnit" factoryName="JUnit" temporary="true" nameIsGenerated="true">
      <module name="darshit" />
      <option name="PACKAGE_NAME" value="" />
      <option name="MAIN_CLASS_NAME" value="BagelsTests" />
      <option name="TEST_OBJECT" value="class" />
      <method v="2">
        <option name="Make" enabled="true" />
      </method>
    </configuration>
    <configuration name="userTests" type="JUnit" factoryName="JUnit" temporary="true" nameIsGenerated="true">
      <module name="darshit" />
      <option name="PACKAGE_NAME" value="" />
      <option name="MAIN_CLASS_NAME" value="userTests" />
      <option name="TEST_OBJECT" value="class" />
      <method v="2">
        <option name="Make" enabled="true" />
      </method>
    </configuration>
    <configuration name="userTests.addToCart" type="JUnit" factoryName="JUnit" temporary="true" nameIsGenerated="true">
      <module name="Express-O" />
      <option name="PACKAGE_NAME" value="" />
      <option name="MAIN_CLASS_NAME" value="userTests" />
      <option name="METHOD_NAME" value="putointocart" />
      <option name="TEST_OBJECT" value="method" />
      <method v="2">
        <option name="Make" enabled="true" />
      </method>
    </configuration>
    <configuration name="DonutsTests.howManyDonuts" type="JUnit" factoryName="JUnit" temporary="true" nameIsGenerated="true">
      <module name="darshit" />
      <option name="PACKAGE_NAME" value="" />
      <option name="MAIN_CLASS_NAME" value="DonutsTest" />
      <option name="METHOD_NAME" value="dountamount" />
      <option name="TEST_OBJECT" value="method" />
      <method v="2">
        <option name="Make" enabled="true" />
      </method>
    </configuration>
    <recent_temporary>
      <list>
        <item itemvalue="JUnit.userTests" />
        <item itemvalue="JUnit.userTests.putintoCart" />
        <item itemvalue="JUnit.BagelsTests" />
        <item itemvalue="JUnit.DonutsTests.dountsamount" />
      </list>
    </recent_temporary>
  </component>
  <component name="SpellCheckerSettings" RuntimeDictionaries="0" Folders="0" CustomDictionaries="0" DefaultDictionary="application-level" UseSingleDictionary="true" transferred="true" />
  <component name="TaskManager">
    <task active="true" id="Default" summary="Default task">
      <changelist id="e7884169-63bc-4425-90ac-e827fc941b25" name="Changes" comment="" />
      <created>3535353535333</created>
      <option name="number" value="Default" />
      <option name="presentableId" value="Default" />
      <updated>3535353535333</updated>
    </task>
    <servers />
  </component>
</project>